{
"Profiles": [
{
  "Ansi 6 Color" : {
    "Green Component" : 0.64633101224899292,
    "Red Component" : 0.43781715631484985,
    "Blue Component" : 0.59465551376342773
  },
  "Tags" : [

  ],
  "Ansi 12 Color" : {
    "Green Component" : 0.59102588891983032,
    "Red Component" : 0.096501544117927551,
    "Blue Component" : 0.77801346778869629
  },
  "Ansi 7 Color" : {
    "Green Component" : 0.86175870895385742,
    "Red Component" : 0.97308963537216187,
    "Blue Component" : 0.75428962707519531
  },
  "Ansi 8 Color" : {
    "Green Component" : 0.48549851775169373,
    "Red Component" : 0.30726605653762817,
    "Blue Component" : 0.7491685152053833
  },
  "Bold Color" : {
    "Red Component" : 0.89880911489355497,
    "Color Space" : "sRGB",
    "Blue Component" : 0.20283987451716712,
    "Alpha Component" : 1,
    "Green Component" : 0.94973230361938477
  },
  "Ansi 9 Color" : {
    "Green Component" : 0.37095117568969727,
    "Red Component" : 0.98876720666885376,
    "Blue Component" : 0.35247993469238281
  },
  "Link Color" : {
    "Red Component" : 0.128077789534359,
    "Color Space" : "sRGB",
    "Blue Component" : 0.73423302173614502,
    "Alpha Component" : 1,
    "Green Component" : 0.39684147090065403
  },
  "Ansi 1 Color" : {
    "Green Component" : 0,
    "Red Component" : 0.73976802825927734,
    "Blue Component" : 0.075083047151565552
  },
  "Rows" : 25,
  "Default Bookmark" : "No",
  "Blend" : 0.42127102616904438,
  "Cursor Guide Color" : {
    "Red Component" : 0.70213186740875244,
    "Color Space" : "sRGB",
    "Blue Component" : 1,
    "Alpha Component" : 0.25,
    "Green Component" : 0.9268307089805603
  },
  "Non-ASCII Anti Aliased" : true,
  "Use Bright Bold" : true,
  "Ansi 10 Color" : {
    "Green Component" : 1,
    "Red Component" : 0.61819148063659668,
    "Blue Component" : 0.43171143531799316
  },
  "Icon" : 0,
  "Ambiguous Double Width" : false,
  "Jobs to Ignore" : [
    "rlogin",
    "ssh",
    "slogin",
    "telnet"
  ],
  "Ansi 15 Color" : {
    "Green Component" : 0.96043074131011963,
    "Red Component" : 0.96449893712997437,
    "Blue Component" : 0.98438382148742676
  },
  "Foreground Color" : {
    "Red Component" : 0.98856608689038694,
    "Color Space" : "sRGB",
    "Blue Component" : 0.38007616996765137,
    "Alpha Component" : 1,
    "Green Component" : 1
  },
  "Working Directory" : "\/Users\/fuyu",
  "Use Tab Color" : false,
  "Blinking Cursor" : false,
  "Space" : 0,
  "Sync Title" : false,
  "Prompt Before Closing 2" : false,
  "BM Growl" : true,
  "Command" : "",
  "Description" : "Default",
  "Mouse Reporting" : true,
  "Disable Window Resizing" : true,
  "Screen" : -2,
  "Selection Color" : {
    "Red Component" : 0.5132519006729126,
    "Color Space" : "sRGB",
    "Blue Component" : 0.34393534698932626,
    "Alpha Component" : 1,
    "Green Component" : 0.49198794492415687
  },
  "Only The Default BG Color Uses Transparency" : false,
  "Columns" : 80,
  "Idle Code" : 0,
  "Background Image Mode" : 0,
  "Ansi 13 Color" : {
    "Green Component" : 0.34950375556945801,
    "Red Component" : 0.60686224699020386,
    "Blue Component" : 0.32394066452980042
  },
  "Custom Command" : "No",
  "ASCII Anti Aliased" : true,
  "Non Ascii Font" : "Monaco 12",
  "Vertical Spacing" : 1,
  "Use Bold Font" : true,
  "Option Key Sends" : 0,
  "Selected Text Color" : {
    "Red Component" : 0.53696024137268494,
    "Color Space" : "sRGB",
    "Blue Component" : 0.40467267851539646,
    "Alpha Component" : 1,
    "Green Component" : 0.96435362100601196
  },
  "Background Color" : {
    "Red Component" : 0.48975658416748047,
    "Color Space" : "sRGB",
    "Blue Component" : 0.48975658416748047,
    "Alpha Component" : 1,
    "Green Component" : 0.48975658416748047
  },
  "Character Encoding" : 4,
  "Ansi 11 Color" : {
    "Green Component" : 0.7578997015953064,
    "Red Component" : 0.93761706352233887,
    "Blue Component" : 0.10242157429456711
  },
  "Thin Strokes" : 4,
  "Use Italic Font" : true,
  "Unlimited Scrollback" : false,
  "Keyboard Map" : {
    "0xf700-0x260000" : {
      "Action" : 10,
      "Text" : "[1;6A"
    },
    "0x37-0x40000" : {
      "Action" : 11,
      "Text" : "0x1f"
    },
    "0x32-0x40000" : {
      "Action" : 11,
      "Text" : "0x00"
    },
    "0xf709-0x20000" : {
      "Action" : 10,
      "Text" : "[17;2~"
    },
    "0xf70c-0x20000" : {
      "Action" : 10,
      "Text" : "[20;2~"
    },
    "0xf729-0x20000" : {
      "Action" : 10,
      "Text" : "[1;2H"
    },
    "0xf72b-0x40000" : {
      "Action" : 10,
      "Text" : "[1;5F"
    },
    "0xf705-0x20000" : {
      "Action" : 10,
      "Text" : "[1;2Q"
    },
    "0xf703-0x260000" : {
      "Action" : 10,
      "Text" : "[1;6C"
    },
    "0xf700-0x220000" : {
      "Action" : 10,
      "Text" : "[1;2A"
    },
    "0xf701-0x280000" : {
      "Action" : 11,
      "Text" : "0x1b 0x1b 0x5b 0x42"
    },
    "0x38-0x40000" : {
      "Action" : 11,
      "Text" : "0x7f"
    },
    "0x33-0x40000" : {
      "Action" : 11,
      "Text" : "0x1b"
    },
    "0xf703-0x220000" : {
      "Action" : 10,
      "Text" : "[1;2C"
    },
    "0xf701-0x240000" : {
      "Action" : 10,
      "Text" : "[1;5B"
    },
    "0xf70d-0x20000" : {
      "Action" : 10,
      "Text" : "[21;2~"
    },
    "0xf702-0x260000" : {
      "Action" : 10,
      "Text" : "[1;6D"
    },
    "0xf729-0x40000" : {
      "Action" : 10,
      "Text" : "[1;5H"
    },
    "0xf706-0x20000" : {
      "Action" : 10,
      "Text" : "[1;2R"
    },
    "0x34-0x40000" : {
      "Action" : 11,
      "Text" : "0x1c"
    },
    "0xf700-0x280000" : {
      "Action" : 11,
      "Text" : "0x1b 0x1b 0x5b 0x41"
    },
    "0x2d-0x40000" : {
      "Action" : 11,
      "Text" : "0x1f"
    },
    "0xf70e-0x20000" : {
      "Action" : 10,
      "Text" : "[23;2~"
    },
    "0xf702-0x220000" : {
      "Action" : 10,
      "Text" : "[1;2D"
    },
    "0xf703-0x280000" : {
      "Action" : 11,
      "Text" : "0x1b 0x1b 0x5b 0x43"
    },
    "0xf700-0x240000" : {
      "Action" : 10,
      "Text" : "[1;5A"
    },
    "0xf707-0x20000" : {
      "Action" : 10,
      "Text" : "[1;2S"
    },
    "0xf70a-0x20000" : {
      "Action" : 10,
      "Text" : "[18;2~"
    },
    "0x35-0x40000" : {
      "Action" : 11,
      "Text" : "0x1d"
    },
    "0xf70f-0x20000" : {
      "Action" : 10,
      "Text" : "[24;2~"
    },
    "0xf703-0x240000" : {
      "Action" : 10,
      "Text" : "[1;5C"
    },
    "0xf701-0x260000" : {
      "Action" : 10,
      "Text" : "[1;6B"
    },
    "0xf702-0x280000" : {
      "Action" : 11,
      "Text" : "0x1b 0x1b 0x5b 0x44"
    },
    "0xf72b-0x20000" : {
      "Action" : 10,
      "Text" : "[1;2F"
    },
    "0x36-0x40000" : {
      "Action" : 11,
      "Text" : "0x1e"
    },
    "0xf708-0x20000" : {
      "Action" : 10,
      "Text" : "[15;2~"
    },
    "0xf701-0x220000" : {
      "Action" : 10,
      "Text" : "[1;2B"
    },
    "0xf70b-0x20000" : {
      "Action" : 10,
      "Text" : "[19;2~"
    },
    "0xf702-0x240000" : {
      "Action" : 10,
      "Text" : "[1;5D"
    },
    "0xf704-0x20000" : {
      "Action" : 10,
      "Text" : "[1;2P"
    }
  },
  "Window Type" : 0,
  "Blur" : false,
  "Badge Color" : {
    "Red Component" : 0.59582757949829102,
    "Color Space" : "sRGB",
    "Blue Component" : 0.70560225757753869,
    "Alpha Component" : 0.5,
    "Green Component" : 1
  },
  "Scrollback Lines" : 1000,
  "Send Code When Idle" : false,
  "Close Sessions On End" : true,
  "Terminal Type" : "xterm-256color",
  "Visual Bell" : true,
  "Flashing Bell" : false,
  "Silence Bell" : false,
  "Ansi 14 Color" : {
    "Green Component" : 0.97915208339691162,
    "Red Component" : 0.78500419855117798,
    "Blue Component" : 0.95550096035003662
  },
  "ASCII Ligatures" : false,
  "Name" : "Default",
  "Cursor Text Color" : {
    "Red Component" : 0.021577732228280411,
    "Color Space" : "sRGB",
    "Blue Component" : 0.035100452601909637,
    "Alpha Component" : 1,